Name,Type,StartPointX,StartPointY,StartDirection,StartRadius,EndRadius,Length,Type_1
H1,IfcAlignmentHorizontalSegment,0.000000000,0.000000000,1.570796327,0.00,0.00,3000.000000000,LINE
H2,IfcAlignmentHorizontalSegment,0.000000000,3000.000000000,1.570796327,-3000.00,-3000.00,14137.166941155,CIRCULARARC
H3,IfcAlignmentHorizontalSegment,3000.000000000,0.000000000,3.141592654,0.00,0.00,6000.000000000,LINE
H4,IfcAlignmentHorizontalSegment,-3000.000000000,0.000000000,3.141592654,3000.00,3000.00,14137.166941155,CIRCULARARC
H5,IfcAlignmentHorizontalSegment,0.000000000,-3000.000000000,1.570796327,0.00,0.00,3000.000000000,LINE
