Name,Type,StartDistAlong,HorizontalLength,StartHeight,StartGradient,EndGradient,Radius,Type_1
V1,IfcAlignmentVerticalSegment,0.000000000,14780.972450963,100.000000000,0.00,0.00,0.00,CONSTANTGRADIENT
V2,IfcAlignmentVerticalSegment,14780.972450963,2678.097245096,100.000000000,0.00,0.70,3000.00,CIRCULARARC
V3,IfcAlignmentVerticalSegment,17459.069696059,5356.194490193,944.195787951,0.70,-0.70,3000.00,CIRCULARARC
V4,IfcAlignmentVerticalSegment,22815.264186251,2678.097245096,944.195787951,-0.70,0.00,3000.00,CIRCULARARC
V5,IfcAlignmentVerticalSegment,25493.361431348,14780.972450963,100.000000000,0.00,0.00,0.00,CONSTANTGRADIENT
